,nome_do_album,posicao_da_faixa,nome_da_faixa,popularidade,frequencia_de_popularidade_das_musicas
0,MTV Unplugged,1,Oceans - Live MTV Unplugged,55,Acima da média
1,MTV Unplugged,2,State of Love And Trust - Live MTV Unplugged,55,Acima da média
2,MTV Unplugged,3,Alive - Live MTV Unplugged,55,Acima da média
3,MTV Unplugged,4,Black - Live MTV Unplugged,62,Acima da média
4,MTV Unplugged,5,Jeremy - Live MTV Unplugged,54,Acima da média
5,MTV Unplugged,6,Even Flow - Live MTV Unplugged,55,Acima da média
6,MTV Unplugged,7,Porch - Live MTV Unplugged,53,Acima da média
7,Gigaton,1,Who Ever Said,49,Acima da média
8,Gigaton,2,Superblood Wolfmoon,51,Acima da média
9,Gigaton,3,Dance Of The Clairvoyants,53,Acima da média
10,Gigaton,4,Quick Escape,48,Acima da média
11,Gigaton,5,Alright,47,Acima da média
12,Gigaton,6,Seven O'Clock,48,Acima da média
13,Gigaton,7,Never Destination,45,Acima da média
14,Gigaton,8,Take The Long Way,44,Acima da média
15,Gigaton,9,Buckle Up,46,Acima da média
16,Gigaton,10,Comes Then Goes,45,Acima da média
17,Gigaton,11,Retrograde,56,Acima da média
18,Gigaton,12,River Cross,44,Acima da média
19,Vault 9: Live in Seattle 12/8/93,1,Release (Live),36,Acima da média
20,Vault 9: Live in Seattle 12/8/93,2,Even Flow (Live),52,Acima da média
21,Vault 9: Live in Seattle 12/8/93,3,Dissident (Live),34,Acima da média
22,Vault 9: Live in Seattle 12/8/93,4,Sick O' pussies (Live),0,Abaixo da média
23,Vault 9: Live in Seattle 12/8/93,5,Go (Live),34,Acima da média
24,Vault 9: Live in Seattle 12/8/93,6,Animal (Live),34,Acima da média
25,Vault 9: Live in Seattle 12/8/93,7,Jeremy (Live),36,Acima da média
26,Vault 9: Live in Seattle 12/8/93,8,Deep (Live),32,Acima da média
27,Vault 9: Live in Seattle 12/8/93,9,Why Go (Live),33,Acima da média
28,Vault 9: Live in Seattle 12/8/93,10,Daughter (Live),46,Acima da média
29,Vault 9: Live in Seattle 12/8/93,11,Glorified G (Live),31,Acima da média
30,Vault 9: Live in Seattle 12/8/93,12,Alive (Live),33,Acima da média
31,Vault 9: Live in Seattle 12/8/93,13,Once (Live),31,Acima da média
32,Vault 9: Live in Seattle 12/8/93,14,Footsteps (Live),31,Acima da média
33,Vault 9: Live in Seattle 12/8/93,15,Porch (Live),32,Acima da média
34,Vault 9: Live in Seattle 12/8/93,16,Encore Break 1 (Live),28,Acima da média
35,Vault 9: Live in Seattle 12/8/93,17,Last Exit (Live),29,Acima da média
36,Vault 9: Live in Seattle 12/8/93,18,Tremor Christ (Live),29,Acima da média
37,Vault 9: Live in Seattle 12/8/93,19,Blood (Live),29,Acima da média
38,Vault 9: Live in Seattle 12/8/93,20,State of Love and Trust (Live),31,Acima da média
39,Vault 9: Live in Seattle 12/8/93,21,I've Got a Feeling (Live),29,Acima da média
40,Vault 9: Live in Seattle 12/8/93,22,Rearviewmirror (Live),30,Acima da média
41,Vault 9: Live in Seattle 12/8/93,23,Encore Break 2 (Live),26,Acima da média
42,Vault 9: Live in Seattle 12/8/93,24,Rockin' in the Free World (Live),34,Acima da média
43,Lets Play Two Live Original Motion Picture Soundtrack,1,Low Light - Live,37,Acima da média
44,Lets Play Two Live Original Motion Picture Soundtrack,2,Better Man - Live,41,Acima da média
45,Lets Play Two Live Original Motion Picture Soundtrack,3,Elderly Woman Behind The Counter In A Small Town - Live,38,Acima da média
46,Lets Play Two Live Original Motion Picture Soundtrack,4,Last Exit - Live,34,Acima da média
47,Lets Play Two Live Original Motion Picture Soundtrack,5,Lightning Bolt - Live,34,Acima da média
48,Lets Play Two Live Original Motion Picture Soundtrack,6,"Black, Red, Yellow - Live",33,Acima da média
49,Lets Play Two Live Original Motion Picture Soundtrack,7,Black - Live,42,Acima da média
50,Lets Play Two Live Original Motion Picture Soundtrack,8,Corduroy - Live,37,Acima da média
51,Lets Play Two Live Original Motion Picture Soundtrack,9,Given To Fly - Live,37,Acima da média
52,Lets Play Two Live Original Motion Picture Soundtrack,10,Jeremy - Live,37,Acima da média
53,Lets Play Two Live Original Motion Picture Soundtrack,11,Inside Job - Live,34,Acima da média
54,Lets Play Two Live Original Motion Picture Soundtrack,12,Go - Live,33,Acima da média
55,Lets Play Two Live Original Motion Picture Soundtrack,13,Crazy Mary - Live,37,Acima da média
56,Lets Play Two Live Original Motion Picture Soundtrack,14,Release - Live,37,Acima da média
57,Lets Play Two Live Original Motion Picture Soundtrack,15,Alive - Live,37,Acima da média
58,Lets Play Two Live Original Motion Picture Soundtrack,16,All The Way - Live,33,Acima da média
59,Lets Play Two Live Original Motion Picture Soundtrack,17,I've Got A Feeling - Live,34,Acima da média
60,Lightning Bolt,1,Getaway,50,Acima da média
61,Lightning Bolt,2,Mind Your Manners,44,Acima da média
62,Lightning Bolt,3,My Father‚Äôs Son,37,Acima da média
63,Lightning Bolt,4,Sirens,63,Acima da média
64,Lightning Bolt,5,Lightning Bolt,50,Acima da média
65,Lightning Bolt,6,Infallible,40,Acima da média
66,Lightning Bolt,7,Pendulum,45,Acima da média
67,Lightning Bolt,8,Swallowed Whole,38,Acima da média
68,Lightning Bolt,9,Let The Records Play,37,Acima da média
69,Lightning Bolt,10,Sleeping By Myself,41,Acima da média
70,Lightning Bolt,11,Yellow Moon,39,Acima da média
71,Lightning Bolt,12,Future Days,59,Acima da média
72,Backspacer,1,Gonna See My Friend,37,Acima da média
73,Backspacer,2,Got Some,39,Acima da média
74,Backspacer,3,The Fixer,56,Acima da média
75,Backspacer,4,Johnny Guitar,37,Acima da média
76,Backspacer,5,Just Breathe,69,Acima da média
77,Backspacer,6,Amongst The Waves,49,Acima da média
78,Backspacer,7,Unthought Known,51,Acima da média
79,Backspacer,8,Supersonic,37,Acima da média
80,Backspacer,9,Speed Of Sound,38,Acima da média
81,Backspacer,10,Force Of Nature,39,Acima da média
82,Backspacer,11,The End,51,Acima da média
83,Backspacer,12,Better Man - Live,37,Acima da média
84,Pearl Jam (2017 Mix),1,Life Wasted - Brendan O'Brien Mix,27,Acima da média
85,Pearl Jam (2017 Mix),2,World Wide Suicide - Brendan O'Brien Mix,27,Acima da média
86,Pearl Jam (2017 Mix),3,Comatose - Brendan O'Brien Mix,25,Acima da média
87,Pearl Jam (2017 Mix),4,Severed Hand - Brendan O'Brien Mix,25,Acima da média
88,Pearl Jam (2017 Mix),5,Marker In the Sand - Brendan O'Brien Mix,24,Acima da média
89,Pearl Jam (2017 Mix),6,Parachutes - Brendan O'Brien Mix,25,Acima da média
90,Pearl Jam (2017 Mix),7,Unemployable - Brendan O'Brien Mix,24,Acima da média
91,Pearl Jam (2017 Mix),8,Big Wave - Brendan O'Brien Mix,23,Acima da média
92,Pearl Jam (2017 Mix),9,Gone - Brendan O'Brien Mix,25,Acima da média
93,Pearl Jam (2017 Mix),10,Wasted Reprise - Brendan O'Brien Mix,23,Acima da média
94,Pearl Jam (2017 Mix),11,Army Reserve - Brendan O'Brien Mix,24,Acima da média
95,Pearl Jam (2017 Mix),12,Come Back - Brendan O'Brien Mix,28,Acima da média
96,Pearl Jam (2017 Mix),13,Inside Job - Brendan O'Brien Mix,25,Acima da média
97,Pearl Jam,1,Life Wasted,41,Acima da média
98,Pearl Jam,2,World Wide Suicide,48,Acima da média
99,Pearl Jam,3,Comatose,34,Acima da média
100,Pearl Jam,4,Severed Hand,33,Acima da média
101,Pearl Jam,5,Marker In The Sand,33,Acima da média
102,Pearl Jam,6,Parachutes,47,Acima da média
103,Pearl Jam,7,Unemployable,33,Acima da média
104,Pearl Jam,8,Big Wave,34,Acima da média
105,Pearl Jam,9,Gone,36,Acima da média
106,Pearl Jam,10,Wasted Reprise,31,Acima da média
107,Pearl Jam,11,Army Reserve,33,Acima da média
108,Pearl Jam,12,Come Back,56,Acima da média
109,Pearl Jam,13,Inside Job,39,Acima da média
110,Riot Act,1,Can't Keep,34,Acima da média
111,Riot Act,2,Save You,47,Acima da média
112,Riot Act,3,Love Boat Captain,39,Acima da média
113,Riot Act,4,Cropduster,32,Acima da média
114,Riot Act,5,Ghost,32,Acima da média
115,Riot Act,6,I Am Mine,59,Acima da média
116,Riot Act,7,Thumbing My Way,48,Acima da média
117,Riot Act,8,You Are,37,Acima da média
118,Riot Act,9,Get Right,31,Acima da média
119,Riot Act,10,Green Disease,33,Acima da média
120,Riot Act,11,Help Help,30,Acima da média
121,Riot Act,12,Bu$hleaguer,31,Acima da média
122,Riot Act,13,1/2 Full,31,Acima da média
123,Riot Act,14,Arc,29,Acima da média
124,Riot Act,15,All or None,35,Acima da média
